Age_group,Year,Population,Sex
All ages,2000,136470,Total
All ages,2001,136667,Total
All ages,2002,136882,Total
All ages,2003,137231,Total
All ages,2004,137682,Total
All ages,2005,138067,Total
All ages,2006,137869,Total
All ages,2007,137709,Total
All ages,2008,138736,Total
All ages,2009,139873,Total
All ages,2010,141644,Total
All ages,2011,143918,Total
All ages,2012,144415,Total
All ages,2013,143942,Total
All ages,2014,144095,Total
All ages,2015,144636,Total
All ages,2016,146891,Total
All ages,2017,149740,Total
All ages,2018,152259,Total
All ages,2019,155792,Total
All ages,2020,159193,Total
All ages,2021,162133,Total
All ages,2022,167200,Total
All ages,2023,173734,Total
All ages,2024,179709,Total
All ages,2025,182657,Total
0 to 4 years,2000,7954,Total
0 to 4 years,2001,7578,Total
0 to 4 years,2002,7322,Total
0 to 4 years,2003,7224,Total
0 to 4 years,2004,7071,Total
0 to 4 years,2005,6896,Total
0 to 4 years,2006,6772,Total
0 to 4 years,2007,6830,Total
0 to 4 years,2008,6992,Total
0 to 4 years,2009,7117,Total
0 to 4 years,2010,7181,Total
0 to 4 years,2011,7358,Total
0 to 4 years,2012,7282,Total
0 to 4 years,2013,7176,Total
0 to 4 years,2014,7156,Total
0 to 4 years,2015,7119,Total
0 to 4 years,2016,7215,Total
0 to 4 years,2017,7324,Total
0 to 4 years,2018,7363,Total
0 to 4 years,2019,7268,Total
0 to 4 years,2020,7153,Total
0 to 4 years,2021,7112,Total
0 to 4 years,2022,7174,Total
0 to 4 years,2023,7154,Total
0 to 4 years,2024,7254,Total
0 to 4 years,2025,7218,Total
5 to 9 years,2000,9239,Total
5 to 9 years,2001,9082,Total
5 to 9 years,2002,8796,Total
5 to 9 years,2003,8482,Total
5 to 9 years,2004,8341,Total
5 to 9 years,2005,8199,Total
5 to 9 years,2006,7846,Total
5 to 9 years,2007,7574,Total
5 to 9 years,2008,7495,Total
5 to 9 years,2009,7421,Total
5 to 9 years,2010,7344,Total
5 to 9 years,2011,7435,Total
5 to 9 years,2012,7569,Total
5 to 9 years,2013,7615,Total
5 to 9 years,2014,7684,Total
5 to 9 years,2015,7752,Total
5 to 9 years,2016,8020,Total
5 to 9 years,2017,8150,Total
5 to 9 years,2018,8171,Total
5 to 9 years,2019,8271,Total
5 to 9 years,2020,8294,Total
5 to 9 years,2021,8250,Total
5 to 9 years,2022,8427,Total
5 to 9 years,2023,8533,Total
5 to 9 years,2024,8576,Total
5 to 9 years,2025,8535,Total
10 to 14 years,2000,10133,Total
10 to 14 years,2001,10013,Total
10 to 14 years,2002,9946,Total
10 to 14 years,2003,9878,Total
10 to 14 years,2004,9671,Total
10 to 14 years,2005,9443,Total
10 to 14 years,2006,9294,Total
10 to 14 years,2007,8972,Total
10 to 14 years,2008,8771,Total
10 to 14 years,2009,8736,Total
10 to 14 years,2010,8638,Total
10 to 14 years,2011,8398,Total
10 to 14 years,2012,8111,Total
10 to 14 years,2013,7996,Total
10 to 14 years,2014,7945,Total
10 to 14 years,2015,7850,Total
10 to 14 years,2016,7880,Total
10 to 14 years,2017,8136,Total
10 to 14 years,2018,8363,Total
10 to 14 years,2019,8620,Total
10 to 14 years,2020,8762,Total
10 to 14 years,2021,8883,Total
10 to 14 years,2022,9081,Total
10 to 14 years,2023,9220,Total
10 to 14 years,2024,9453,Total
10 to 14 years,2025,9581,Total
15 to 19 years,2000,10147,Total
15 to 19 years,2001,10272,Total
15 to 19 years,2002,10227,Total
15 to 19 years,2003,10112,Total
15 to 19 years,2004,10119,Total
15 to 19 years,2005,10073,Total
15 to 19 years,2006,9924,Total
15 to 19 years,2007,9933,Total
15 to 19 years,2008,9908,Total
15 to 19 years,2009,9803,Total
15 to 19 years,2010,9760,Total
15 to 19 years,2011,9757,Total
15 to 19 years,2012,9482,Total
15 to 19 years,2013,9127,Total
15 to 19 years,2014,9002,Total
15 to 19 years,2015,8983,Total
15 to 19 years,2016,8866,Total
15 to 19 years,2017,8722,Total
15 to 19 years,2018,8851,Total
15 to 19 years,2019,8981,Total
15 to 19 years,2020,9137,Total
15 to 19 years,2021,8934,Total
15 to 19 years,2022,9358,Total
15 to 19 years,2023,9793,Total
15 to 19 years,2024,10148,Total
15 to 19 years,2025,10165,Total
20 to 24 years,2000,8943,Total
20 to 24 years,2001,9026,Total
20 to 24 years,2002,9107,Total
20 to 24 years,2003,9203,Total
20 to 24 years,2004,9247,Total
20 to 24 years,2005,9307,Total
20 to 24 years,2006,9247,Total
20 to 24 years,2007,9103,Total
20 to 24 years,2008,9012,Total
20 to 24 years,2009,9052,Total
20 to 24 years,2010,9277,Total
20 to 24 years,2011,9486,Total
20 to 24 years,2012,9604,Total
20 to 24 years,2013,9448,Total
20 to 24 years,2014,9114,Total
20 to 24 years,2015,9002,Total
20 to 24 years,2016,9095,Total
20 to 24 years,2017,9351,Total
20 to 24 years,2018,9530,Total
20 to 24 years,2019,10453,Total
20 to 24 years,2020,11541,Total
20 to 24 years,2021,12161,Total
20 to 24 years,2022,12832,Total
20 to 24 years,2023,14223,Total
20 to 24 years,2024,14736,Total
20 to 24 years,2025,14339,Total
25 to 29 years,2000,8485,Total
25 to 29 years,2001,8139,Total
25 to 29 years,2002,7994,Total
25 to 29 years,2003,7981,Total
25 to 29 years,2004,8002,Total
25 to 29 years,2005,8041,Total
25 to 29 years,2006,8068,Total
25 to 29 years,2007,7925,Total
25 to 29 years,2008,7921,Total
25 to 29 years,2009,7853,Total
25 to 29 years,2010,7973,Total
25 to 29 years,2011,8055,Total
25 to 29 years,2012,8062,Total
25 to 29 years,2013,7980,Total
25 to 29 years,2014,8017,Total
25 to 29 years,2015,8107,Total
25 to 29 years,2016,8258,Total
25 to 29 years,2017,8685,Total
25 to 29 years,2018,9151,Total
25 to 29 years,2019,9539,Total
25 to 29 years,2020,9861,Total
25 to 29 years,2021,10461,Total
25 to 29 years,2022,11169,Total
25 to 29 years,2023,12537,Total
25 to 29 years,2024,14299,Total
25 to 29 years,2025,15504,Total
30 to 34 years,2000,8867,Total
30 to 34 years,2001,8783,Total
30 to 34 years,2002,8780,Total
30 to 34 years,2003,8738,Total
30 to 34 years,2004,8681,Total
30 to 34 years,2005,8510,Total
30 to 34 years,2006,8188,Total
30 to 34 years,2007,8004,Total
30 to 34 years,2008,8044,Total
30 to 34 years,2009,8049,Total
30 to 34 years,2010,8073,Total
30 to 34 years,2011,8170,Total
30 to 34 years,2012,8160,Total
30 to 34 years,2013,8007,Total
30 to 34 years,2014,7891,Total
30 to 34 years,2015,7961,Total
30 to 34 years,2016,8345,Total
30 to 34 years,2017,8577,Total
30 to 34 years,2018,8680,Total
30 to 34 years,2019,8941,Total
30 to 34 years,2020,9434,Total
30 to 34 years,2021,9796,Total
30 to 34 years,2022,10205,Total
30 to 34 years,2023,10934,Total
30 to 34 years,2024,11618,Total
30 to 34 years,2025,12009,Total
35 to 39 years,2000,11035,Total
35 to 39 years,2001,10686,Total
35 to 39 years,2002,10395,Total
35 to 39 years,2003,9936,Total
35 to 39 years,2004,9541,Total
35 to 39 years,2005,9142,Total
35 to 39 years,2006,9021,Total
35 to 39 years,2007,8821,Total
35 to 39 years,2008,8792,Total
35 to 39 years,2009,8856,Total
35 to 39 years,2010,8828,Total
35 to 39 years,2011,8814,Total
35 to 39 years,2012,8615,Total
35 to 39 years,2013,8564,Total
35 to 39 years,2014,8581,Total
35 to 39 years,2015,8539,Total
35 to 39 years,2016,8626,Total
35 to 39 years,2017,8867,Total
35 to 39 years,2018,9026,Total
35 to 39 years,2019,9144,Total
35 to 39 years,2020,9322,Total
35 to 39 years,2021,9653,Total
35 to 39 years,2022,10135,Total
35 to 39 years,2023,10555,Total
35 to 39 years,2024,11270,Total
35 to 39 years,2025,11709,Total
40 to 44 years,2000,10829,Total
40 to 44 years,2001,10896,Total
40 to 44 years,2002,10920,Total
40 to 44 years,2003,11080,Total
40 to 44 years,2004,11237,Total
40 to 44 years,2005,11309,Total
40 to 44 years,2006,10964,Total
40 to 44 years,2007,10513,Total
40 to 44 years,2008,10070,Total
40 to 44 years,2009,9756,Total
40 to 44 years,2010,9522,Total
40 to 44 years,2011,9776,Total
40 to 44 years,2012,9663,Total
40 to 44 years,2013,9396,Total
40 to 44 years,2014,9270,Total
40 to 44 years,2015,9138,Total
40 to 44 years,2016,9168,Total
40 to 44 years,2017,9238,Total
40 to 44 years,2018,9299,Total
40 to 44 years,2019,9543,Total
40 to 44 years,2020,9640,Total
40 to 44 years,2021,9696,Total
40 to 44 years,2022,10016,Total
40 to 44 years,2023,10533,Total
40 to 44 years,2024,10857,Total
40 to 44 years,2025,11117,Total
45 to 49 years,2000,9915,Total
45 to 49 years,2001,10216,Total
45 to 49 years,2002,10430,Total
45 to 49 years,2003,10558,Total
45 to 49 years,2004,10650,Total
45 to 49 years,2005,10808,Total
45 to 49 years,2006,10888,Total
45 to 49 years,2007,10998,Total
45 to 49 years,2008,11228,Total
45 to 49 years,2009,11447,Total
45 to 49 years,2010,11566,Total
45 to 49 years,2011,11486,Total
45 to 49 years,2012,11300,Total
45 to 49 years,2013,10678,Total
45 to 49 years,2014,10173,Total
45 to 49 years,2015,9804,Total
45 to 49 years,2016,9853,Total
45 to 49 years,2017,10003,Total
45 to 49 years,2018,10107,Total
45 to 49 years,2019,10156,Total
45 to 49 years,2020,10136,Total
45 to 49 years,2021,10009,Total
45 to 49 years,2022,10034,Total
45 to 49 years,2023,10264,Total
45 to 49 years,2024,10490,Total
45 to 49 years,2025,10516,Total
50 to 54 years,2000,9764,Total
50 to 54 years,2001,10018,Total
50 to 54 years,2002,9872,Total
50 to 54 years,2003,9812,Total
50 to 54 years,2004,9812,Total
50 to 54 years,2005,9889,Total
50 to 54 years,2006,10201,Total
50 to 54 years,2007,10477,Total
50 to 54 years,2008,10739,Total
50 to 54 years,2009,10906,Total
50 to 54 years,2010,11198,Total
50 to 54 years,2011,11366,Total
50 to 54 years,2012,11539,Total
50 to 54 years,2013,11693,Total
50 to 54 years,2014,11815,Total
50 to 54 years,2015,11783,Total
50 to 54 years,2016,11445,Total
50 to 54 years,2017,11221,Total
50 to 54 years,2018,10860,Total
50 to 54 years,2019,10572,Total
50 to 54 years,2020,10272,Total
50 to 54 years,2021,10383,Total
50 to 54 years,2022,10521,Total
50 to 54 years,2023,10671,Total
50 to 54 years,2024,10675,Total
50 to 54 years,2025,10609,Total
55 to 59 years,2000,6948,Total
55 to 59 years,2001,7325,Total
55 to 59 years,2002,8070,Total
55 to 59 years,2003,8782,Total
55 to 59 years,2004,9268,Total
55 to 59 years,2005,9757,Total
55 to 59 years,2006,9942,Total
55 to 59 years,2007,9891,Total
55 to 59 years,2008,9960,Total
55 to 59 years,2009,10093,Total
55 to 59 years,2010,10290,Total
55 to 59 years,2011,10686,Total
55 to 59 years,2012,10939,Total
55 to 59 years,2013,11172,Total
55 to 59 years,2014,11213,Total
55 to 59 years,2015,11376,Total
55 to 59 years,2016,11488,Total
55 to 59 years,2017,11636,Total
55 to 59 years,2018,11841,Total
55 to 59 years,2019,12069,Total
55 to 59 years,2020,12144,Total
55 to 59 years,2021,11872,Total
55 to 59 years,2022,11715,Total
55 to 59 years,2023,11305,Total
55 to 59 years,2024,10971,Total
55 to 59 years,2025,10697,Total
60 to 64 years,2000,5906,Total
60 to 64 years,2001,6025,Total
60 to 64 years,2002,6185,Total
60 to 64 years,2003,6386,Total
60 to 64 years,2004,6761,Total
60 to 64 years,2005,7057,Total
60 to 64 years,2006,7437,Total
60 to 64 years,2007,8178,Total
60 to 64 years,2008,8860,Total
60 to 64 years,2009,9380,Total
60 to 64 years,2010,9941,Total
60 to 64 years,2011,10247,Total
60 to 64 years,2012,10151,Total
60 to 64 years,2013,10115,Total
60 to 64 years,2014,10246,Total
60 to 64 years,2015,10428,Total
60 to 64 years,2016,10787,Total
60 to 64 years,2017,11033,Total
60 to 64 years,2018,11273,Total
60 to 64 years,2019,11360,Total
60 to 64 years,2020,11504,Total
60 to 64 years,2021,11630,Total
60 to 64 years,2022,12010,Total
60 to 64 years,2023,12283,Total
60 to 64 years,2024,12513,Total
60 to 64 years,2025,12553,Total
65 to 69 years,2000,5185,Total
65 to 69 years,2001,5368,Total
65 to 69 years,2002,5439,Total
65 to 69 years,2003,5499,Total
65 to 69 years,2004,5578,Total
65 to 69 years,2005,5709,Total
65 to 69 years,2006,5815,Total
65 to 69 years,2007,5982,Total
65 to 69 years,2008,6204,Total
65 to 69 years,2009,6528,Total
65 to 69 years,2010,6826,Total
65 to 69 years,2011,7267,Total
65 to 69 years,2012,7996,Total
65 to 69 years,2013,8663,Total
65 to 69 years,2014,9128,Total
65 to 69 years,2015,9626,Total
65 to 69 years,2016,9948,Total
65 to 69 years,2017,9837,Total
65 to 69 years,2018,9803,Total
65 to 69 years,2019,9995,Total
65 to 69 years,2020,10211,Total
65 to 69 years,2021,10630,Total
65 to 69 years,2022,10923,Total
65 to 69 years,2023,11235,Total
65 to 69 years,2024,11318,Total
65 to 69 years,2025,11535,Total
70 to 74 years,2000,4386,Total
70 to 74 years,2001,4381,Total
70 to 74 years,2002,4448,Total
70 to 74 years,2003,4595,Total
70 to 74 years,2004,4701,Total
70 to 74 years,2005,4772,Total
70 to 74 years,2006,4950,Total
70 to 74 years,2007,5053,Total
70 to 74 years,2008,5059,Total
70 to 74 years,2009,5102,Total
70 to 74 years,2010,5283,Total
70 to 74 years,2011,5397,Total
70 to 74 years,2012,5538,Total
70 to 74 years,2013,5740,Total
70 to 74 years,2014,6107,Total
70 to 74 years,2015,6319,Total
70 to 74 years,2016,6711,Total
70 to 74 years,2017,7431,Total
70 to 74 years,2018,8162,Total
70 to 74 years,2019,8543,Total
70 to 74 years,2020,9012,Total
70 to 74 years,2021,9252,Total
70 to 74 years,2022,9314,Total
70 to 74 years,2023,9368,Total
70 to 74 years,2024,9600,Total
70 to 74 years,2025,9845,Total
75 to 79 years,2000,3672,Total
75 to 79 years,2001,3735,Total
75 to 79 years,2002,3741,Total
75 to 79 years,2003,3633,Total
75 to 79 years,2004,3687,Total
75 to 79 years,2005,3715,Total
75 to 79 years,2006,3743,Total
75 to 79 years,2007,3814,Total
75 to 79 years,2008,3983,Total
75 to 79 years,2009,4061,Total
75 to 79 years,2010,4140,Total
75 to 79 years,2011,4294,Total
75 to 79 years,2012,4372,Total
75 to 79 years,2013,4399,Total
75 to 79 years,2014,4469,Total
75 to 79 years,2015,4573,Total
75 to 79 years,2016,4686,Total
75 to 79 years,2017,4832,Total
75 to 79 years,2018,4989,Total
75 to 79 years,2019,5336,Total
75 to 79 years,2020,5590,Total
75 to 79 years,2021,5955,Total
75 to 79 years,2022,6669,Total
75 to 79 years,2023,7315,Total
75 to 79 years,2024,7713,Total
75 to 79 years,2025,8129,Total
80 to 84 years,2000,2642,Total
80 to 84 years,2001,2689,Total
80 to 84 years,2002,2766,Total
80 to 84 years,2003,2863,Total
80 to 84 years,2004,2828,Total
80 to 84 years,2005,2861,Total
80 to 84 years,2006,2890,Total
80 to 84 years,2007,2883,Total
80 to 84 years,2008,2869,Total
80 to 84 years,2009,2899,Total
80 to 84 years,2010,2914,Total
80 to 84 years,2011,2938,Total
80 to 84 years,2012,2988,Total
80 to 84 years,2013,3104,Total
80 to 84 years,2014,3229,Total
80 to 84 years,2015,3232,Total
80 to 84 years,2016,3369,Total
80 to 84 years,2017,3464,Total
80 to 84 years,2018,3469,Total
80 to 84 years,2019,3558,Total
80 to 84 years,2020,3667,Total
80 to 84 years,2021,3805,Total
80 to 84 years,2022,3941,Total
80 to 84 years,2023,4039,Total
80 to 84 years,2024,4332,Total
80 to 84 years,2025,4555,Total
85 to 89 years,2000,1629,Total
85 to 89 years,2001,1603,Total
85 to 89 years,2002,1584,Total
85 to 89 years,2003,1583,Total
85 to 89 years,2004,1588,Total
85 to 89 years,2005,1639,Total
85 to 89 years,2006,1696,Total
85 to 89 years,2007,1772,Total
85 to 89 years,2008,1850,Total
85 to 89 years,2009,1818,Total
85 to 89 years,2010,1835,Total
85 to 89 years,2011,1893,Total
85 to 89 years,2012,1877,Total
85 to 89 years,2013,1862,Total
85 to 89 years,2014,1871,Total
85 to 89 years,2015,1879,Total
85 to 89 years,2016,1902,Total
85 to 89 years,2017,1973,Total
85 to 89 years,2018,2061,Total
85 to 89 years,2019,2165,Total
85 to 89 years,2020,2206,Total
85 to 89 years,2021,2295,Total
85 to 89 years,2022,2303,Total
85 to 89 years,2023,2378,Total
85 to 89 years,2024,2442,Total
85 to 89 years,2025,2551,Total
90 to 94 years,2000,609,Total
90 to 94 years,2001,643,Total
90 to 94 years,2002,670,Total
90 to 94 years,2003,684,Total
90 to 94 years,2004,694,Total
90 to 94 years,2005,726,Total
90 to 94 years,2006,767,Total
90 to 94 years,2007,747,Total
90 to 94 years,2008,741,Total
90 to 94 years,2009,737,Total
90 to 94 years,2010,793,Total
90 to 94 years,2011,845,Total
90 to 94 years,2012,899,Total
90 to 94 years,2013,913,Total
90 to 94 years,2014,886,Total
90 to 94 years,2015,895,Total
90 to 94 years,2016,928,Total
90 to 94 years,2017,942,Total
90 to 94 years,2018,962,Total
90 to 94 years,2019,955,Total
90 to 94 years,2020,952,Total
90 to 94 years,2021,988,Total
90 to 94 years,2022,1020,Total
90 to 94 years,2023,1046,Total
90 to 94 years,2024,1104,Total
90 to 94 years,2025,1135,Total
95 to 99 years,2000,150,Total
95 to 99 years,2001,157,Total
95 to 99 years,2002,160,Total
95 to 99 years,2003,176,Total
95 to 99 years,2004,184,Total
95 to 99 years,2005,187,Total
95 to 99 years,2006,175,Total
95 to 99 years,2007,196,Total
95 to 99 years,2008,201,Total
95 to 99 years,2009,231,Total
95 to 99 years,2010,242,Total
95 to 99 years,2011,223,Total
95 to 99 years,2012,235,Total
95 to 99 years,2013,248,Total
95 to 99 years,2014,259,Total
95 to 99 years,2015,237,Total
95 to 99 years,2016,266,Total
95 to 99 years,2017,275,Total
95 to 99 years,2018,259,Total
95 to 99 years,2019,277,Total
95 to 99 years,2020,309,Total
95 to 99 years,2021,319,Total
95 to 99 years,2022,299,Total
95 to 99 years,2023,289,Total
95 to 99 years,2024,277,Total
95 to 99 years,2025,291,Total
100 years and older,2000,32,Total
100 years and older,2001,32,Total
100 years and older,2002,30,Total
100 years and older,2003,26,Total
100 years and older,2004,21,Total
100 years and older,2005,27,Total
100 years and older,2006,41,Total
100 years and older,2007,43,Total
100 years and older,2008,37,Total
100 years and older,2009,28,Total
100 years and older,2010,20,Total
100 years and older,2011,27,Total
100 years and older,2012,33,Total
100 years and older,2013,46,Total
100 years and older,2014,39,Total
100 years and older,2015,33,Total
100 years and older,2016,35,Total
100 years and older,2017,43,Total
100 years and older,2018,39,Total
100 years and older,2019,46,Total
100 years and older,2020,46,Total
100 years and older,2021,49,Total
100 years and older,2022,54,Total
100 years and older,2023,59,Total
100 years and older,2024,63,Total
100 years and older,2025,64,Total
,2000,NA,Total
,2001,NA,Total
,2002,NA,Total
,2003,NA,Total
,2004,NA,Total
,2005,NA,Total
,2006,NA,Total
,2007,NA,Total
,2008,NA,Total
,2009,NA,Total
,2010,NA,Total
,2011,NA,Total
,2012,NA,Total
,2013,NA,Total
,2014,NA,Total
,2015,NA,Total
,2016,NA,Total
,2017,NA,Total
,2018,NA,Total
,2019,NA,Total
,2020,NA,Total
,2021,NA,Total
,2022,NA,Total
,2023,NA,Total
,2024,NA,Total
,2025,NA,Total
Median age,2000,37.1,Total
Median age,2001,37.6,Total
Median age,2002,38.2,Total
Median age,2003,38.7,Total
Median age,2004,39.2,Total
Median age,2005,39.7,Total
Median age,2006,40.3,Total
Median age,2007,40.9,Total
Median age,2008,41.4,Total
Median age,2009,41.7,Total
Median age,2010,42,Total
Median age,2011,42.3,Total
Median age,2012,42.8,Total
Median age,2013,43.3,Total
Median age,2014,43.6,Total
Median age,2015,43.9,Total
Median age,2016,44,Total
Median age,2017,43.8,Total
Median age,2018,43.8,Total
Median age,2019,43.5,Total
Median age,2020,43.1,Total
Median age,2021,43,Total
Median age,2022,42.6,Total
Median age,2023,41.8,Total
Median age,2024,41.1,Total
Median age,2025,41,Total
All ages,2000,66666,Female
All ages,2001,66710,Female
All ages,2002,66781,Female
All ages,2003,66993,Female
All ages,2004,67296,Female
All ages,2005,67543,Female
All ages,2006,67537,Female
All ages,2007,67295,Female
All ages,2008,67699,Female
All ages,2009,68305,Female
All ages,2010,69195,Female
All ages,2011,70244,Female
All ages,2012,70422,Female
All ages,2013,70018,Female
All ages,2014,70126,Female
All ages,2015,70449,Female
All ages,2016,71601,Female
All ages,2017,73005,Female
All ages,2018,74289,Female
All ages,2019,76021,Female
All ages,2020,77612,Female
All ages,2021,79055,Female
All ages,2022,81612,Female
All ages,2023,84995,Female
All ages,2024,88082,Female
All ages,2025,89569,Female
0 to 4 years,2000,4079,Female
0 to 4 years,2001,3892,Female
0 to 4 years,2002,3686,Female
0 to 4 years,2003,3596,Female
0 to 4 years,2004,3522,Female
0 to 4 years,2005,3455,Female
0 to 4 years,2006,3423,Female
0 to 4 years,2007,3443,Female
0 to 4 years,2008,3534,Female
0 to 4 years,2009,3589,Female
0 to 4 years,2010,3611,Female
0 to 4 years,2011,3723,Female
0 to 4 years,2012,3689,Female
0 to 4 years,2013,3646,Female
0 to 4 years,2014,3630,Female
0 to 4 years,2015,3656,Female
0 to 4 years,2016,3704,Female
0 to 4 years,2017,3804,Female
0 to 4 years,2018,3874,Female
0 to 4 years,2019,3818,Female
0 to 4 years,2020,3681,Female
0 to 4 years,2021,3614,Female
0 to 4 years,2022,3615,Female
0 to 4 years,2023,3603,Female
0 to 4 years,2024,3664,Female
0 to 4 years,2025,3688,Female
5 to 9 years,2000,4726,Female
5 to 9 years,2001,4680,Female
5 to 9 years,2002,4538,Female
5 to 9 years,2003,4368,Female
5 to 9 years,2004,4301,Female
5 to 9 years,2005,4217,Female
5 to 9 years,2006,4036,Female
5 to 9 years,2007,3864,Female
5 to 9 years,2008,3808,Female
5 to 9 years,2009,3764,Female
5 to 9 years,2010,3723,Female
5 to 9 years,2011,3735,Female
5 to 9 years,2012,3790,Female
5 to 9 years,2013,3819,Female
5 to 9 years,2014,3855,Female
5 to 9 years,2015,3882,Female
5 to 9 years,2016,4011,Female
5 to 9 years,2017,4053,Female
5 to 9 years,2018,4107,Female
5 to 9 years,2019,4167,Female
5 to 9 years,2020,4245,Female
5 to 9 years,2021,4242,Female
5 to 9 years,2022,4369,Female
5 to 9 years,2023,4443,Female
5 to 9 years,2024,4462,Female
5 to 9 years,2025,4394,Female
10 to 14 years,2000,5134,Female
10 to 14 years,2001,5043,Female
10 to 14 years,2002,5069,Female
10 to 14 years,2003,5058,Female
10 to 14 years,2004,4955,Female
10 to 14 years,2005,4835,Female
10 to 14 years,2006,4793,Female
10 to 14 years,2007,4642,Female
10 to 14 years,2008,4540,Female
10 to 14 years,2009,4530,Female
10 to 14 years,2010,4470,Female
10 to 14 years,2011,4330,Female
10 to 14 years,2012,4115,Female
10 to 14 years,2013,4019,Female
10 to 14 years,2014,3971,Female
10 to 14 years,2015,3947,Female
10 to 14 years,2016,3956,Female
10 to 14 years,2017,4088,Female
10 to 14 years,2018,4202,Female
10 to 14 years,2019,4348,Female
10 to 14 years,2020,4392,Female
10 to 14 years,2021,4478,Female
10 to 14 years,2022,4583,Female
10 to 14 years,2023,4671,Female
10 to 14 years,2024,4757,Female
10 to 14 years,2025,4871,Female
15 to 19 years,2000,5150,Female
15 to 19 years,2001,5205,Female
15 to 19 years,2002,5198,Female
15 to 19 years,2003,5118,Female
15 to 19 years,2004,5135,Female
15 to 19 years,2005,5084,Female
15 to 19 years,2006,4999,Female
15 to 19 years,2007,5034,Female
15 to 19 years,2008,5021,Female
15 to 19 years,2009,4972,Female
15 to 19 years,2010,5003,Female
15 to 19 years,2011,5041,Female
15 to 19 years,2012,4907,Female
15 to 19 years,2013,4676,Female
15 to 19 years,2014,4618,Female
15 to 19 years,2015,4560,Female
15 to 19 years,2016,4469,Female
15 to 19 years,2017,4328,Female
15 to 19 years,2018,4348,Female
15 to 19 years,2019,4427,Female
15 to 19 years,2020,4559,Female
15 to 19 years,2021,4447,Female
15 to 19 years,2022,4678,Female
15 to 19 years,2023,4919,Female
15 to 19 years,2024,5123,Female
15 to 19 years,2025,5097,Female
20 to 24 years,2000,4450,Female
20 to 24 years,2001,4498,Female
20 to 24 years,2002,4545,Female
20 to 24 years,2003,4593,Female
20 to 24 years,2004,4601,Female
20 to 24 years,2005,4676,Female
20 to 24 years,2006,4639,Female
20 to 24 years,2007,4578,Female
20 to 24 years,2008,4526,Female
20 to 24 years,2009,4563,Female
20 to 24 years,2010,4651,Female
20 to 24 years,2011,4744,Female
20 to 24 years,2012,4842,Female
20 to 24 years,2013,4776,Female
20 to 24 years,2014,4659,Female
20 to 24 years,2015,4614,Female
20 to 24 years,2016,4700,Female
20 to 24 years,2017,4823,Female
20 to 24 years,2018,4841,Female
20 to 24 years,2019,5417,Female
20 to 24 years,2020,6009,Female
20 to 24 years,2021,6258,Female
20 to 24 years,2022,6550,Female
20 to 24 years,2023,7216,Female
20 to 24 years,2024,7446,Female
20 to 24 years,2025,7331,Female
25 to 29 years,2000,4185,Female
25 to 29 years,2001,3995,Female
25 to 29 years,2002,3925,Female
25 to 29 years,2003,3906,Female
25 to 29 years,2004,3938,Female
25 to 29 years,2005,3954,Female
25 to 29 years,2006,3974,Female
25 to 29 years,2007,3844,Female
25 to 29 years,2008,3859,Female
25 to 29 years,2009,3837,Female
25 to 29 years,2010,3964,Female
25 to 29 years,2011,4008,Female
25 to 29 years,2012,4022,Female
25 to 29 years,2013,3950,Female
25 to 29 years,2014,3987,Female
25 to 29 years,2015,4011,Female
25 to 29 years,2016,4099,Female
25 to 29 years,2017,4396,Female
25 to 29 years,2018,4684,Female
25 to 29 years,2019,4870,Female
25 to 29 years,2020,5006,Female
25 to 29 years,2021,5426,Female
25 to 29 years,2022,5845,Female
25 to 29 years,2023,6608,Female
25 to 29 years,2024,7641,Female
25 to 29 years,2025,8161,Female
30 to 34 years,2000,4371,Female
30 to 34 years,2001,4329,Female
30 to 34 years,2002,4303,Female
30 to 34 years,2003,4371,Female
30 to 34 years,2004,4329,Female
30 to 34 years,2005,4263,Female
30 to 34 years,2006,4101,Female
30 to 34 years,2007,3956,Female
30 to 34 years,2008,3876,Female
30 to 34 years,2009,3899,Female
30 to 34 years,2010,3906,Female
30 to 34 years,2011,3950,Female
30 to 34 years,2012,3949,Female
30 to 34 years,2013,3839,Female
30 to 34 years,2014,3795,Female
30 to 34 years,2015,3892,Female
30 to 34 years,2016,4102,Female
30 to 34 years,2017,4205,Female
30 to 34 years,2018,4241,Female
30 to 34 years,2019,4372,Female
30 to 34 years,2020,4554,Female
30 to 34 years,2021,4724,Female
30 to 34 years,2022,5001,Female
30 to 34 years,2023,5466,Female
30 to 34 years,2024,5864,Female
30 to 34 years,2025,6105,Female
35 to 39 years,2000,5438,Female
35 to 39 years,2001,5259,Female
35 to 39 years,2002,5116,Female
35 to 39 years,2003,4886,Female
35 to 39 years,2004,4782,Female
35 to 39 years,2005,4563,Female
35 to 39 years,2006,4509,Female
35 to 39 years,2007,4370,Female
35 to 39 years,2008,4400,Female
35 to 39 years,2009,4389,Female
35 to 39 years,2010,4335,Female
35 to 39 years,2011,4291,Female
35 to 39 years,2012,4164,Female
35 to 39 years,2013,4113,Female
35 to 39 years,2014,4116,Female
35 to 39 years,2015,4072,Female
35 to 39 years,2016,4165,Female
35 to 39 years,2017,4260,Female
35 to 39 years,2018,4325,Female
35 to 39 years,2019,4317,Female
35 to 39 years,2020,4438,Female
35 to 39 years,2021,4629,Female
35 to 39 years,2022,4849,Female
35 to 39 years,2023,5077,Female
35 to 39 years,2024,5459,Female
35 to 39 years,2025,5674,Female
40 to 44 years,2000,5273,Female
40 to 44 years,2001,5295,Female
40 to 44 years,2002,5332,Female
40 to 44 years,2003,5397,Female
40 to 44 years,2004,5449,Female
40 to 44 years,2005,5587,Female
40 to 44 years,2006,5436,Female
40 to 44 years,2007,5210,Female
40 to 44 years,2008,4953,Female
40 to 44 years,2009,4881,Female
40 to 44 years,2010,4707,Female
40 to 44 years,2011,4781,Female
40 to 44 years,2012,4687,Female
40 to 44 years,2013,4591,Female
40 to 44 years,2014,4528,Female
40 to 44 years,2015,4451,Female
40 to 44 years,2016,4448,Female
40 to 44 years,2017,4476,Female
40 to 44 years,2018,4499,Female
40 to 44 years,2019,4580,Female
40 to 44 years,2020,4618,Female
40 to 44 years,2021,4662,Female
40 to 44 years,2022,4807,Female
40 to 44 years,2023,5008,Female
40 to 44 years,2024,5111,Female
40 to 44 years,2025,5300,Female
45 to 49 years,2000,4889,Female
45 to 49 years,2001,5023,Female
45 to 49 years,2002,5060,Female
45 to 49 years,2003,5129,Female
45 to 49 years,2004,5166,Female
45 to 49 years,2005,5186,Female
45 to 49 years,2006,5230,Female
45 to 49 years,2007,5355,Female
45 to 49 years,2008,5462,Female
45 to 49 years,2009,5549,Female
45 to 49 years,2010,5714,Female
45 to 49 years,2011,5676,Female
45 to 49 years,2012,5574,Female
45 to 49 years,2013,5233,Female
45 to 49 years,2014,5030,Female
45 to 49 years,2015,4808,Female
45 to 49 years,2016,4845,Female
45 to 49 years,2017,4882,Female
45 to 49 years,2018,5028,Female
45 to 49 years,2019,5026,Female
45 to 49 years,2020,5005,Female
45 to 49 years,2021,4882,Female
45 to 49 years,2022,4893,Female
45 to 49 years,2023,4997,Female
45 to 49 years,2024,5095,Female
45 to 49 years,2025,5068,Female
50 to 54 years,2000,4837,Female
50 to 54 years,2001,4942,Female
50 to 54 years,2002,4844,Female
50 to 54 years,2003,4816,Female
50 to 54 years,2004,4816,Female
50 to 54 years,2005,4881,Female
50 to 54 years,2006,5018,Female
50 to 54 years,2007,5046,Female
50 to 54 years,2008,5218,Female
50 to 54 years,2009,5319,Female
50 to 54 years,2010,5439,Female
50 to 54 years,2011,5525,Female
50 to 54 years,2012,5692,Female
50 to 54 years,2013,5715,Female
50 to 54 years,2014,5710,Female
50 to 54 years,2015,5757,Female
50 to 54 years,2016,5589,Female
50 to 54 years,2017,5523,Female
50 to 54 years,2018,5335,Female
50 to 54 years,2019,5243,Female
50 to 54 years,2020,5027,Female
50 to 54 years,2021,5059,Female
50 to 54 years,2022,5108,Female
50 to 54 years,2023,5226,Female
50 to 54 years,2024,5244,Female
50 to 54 years,2025,5233,Female
55 to 59 years,2000,3452,Female
55 to 59 years,2001,3660,Female
55 to 59 years,2002,4053,Female
55 to 59 years,2003,4396,Female
55 to 59 years,2004,4620,Female
55 to 59 years,2005,4833,Female
55 to 59 years,2006,4900,Female
55 to 59 years,2007,4871,Female
55 to 59 years,2008,4883,Female
55 to 59 years,2009,4937,Female
55 to 59 years,2010,5054,Female
55 to 59 years,2011,5258,Female
55 to 59 years,2012,5291,Female
55 to 59 years,2013,5430,Female
55 to 59 years,2014,5472,Female
55 to 59 years,2015,5498,Female
55 to 59 years,2016,5533,Female
55 to 59 years,2017,5645,Female
55 to 59 years,2018,5748,Female
55 to 59 years,2019,5807,Female
55 to 59 years,2020,5896,Female
55 to 59 years,2021,5793,Female
55 to 59 years,2022,5712,Female
55 to 59 years,2023,5491,Female
55 to 59 years,2024,5361,Female
55 to 59 years,2025,5173,Female
60 to 64 years,2000,2941,Female
60 to 64 years,2001,3011,Female
60 to 64 years,2002,3099,Female
60 to 64 years,2003,3180,Female
60 to 64 years,2004,3331,Female
60 to 64 years,2005,3483,Female
60 to 64 years,2006,3702,Female
60 to 64 years,2007,4094,Female
60 to 64 years,2008,4414,Female
60 to 64 years,2009,4664,Female
60 to 64 years,2010,4900,Female
60 to 64 years,2011,5018,Female
60 to 64 years,2012,4962,Female
60 to 64 years,2013,4933,Female
60 to 64 years,2014,4973,Female
60 to 64 years,2015,5092,Female
60 to 64 years,2016,5259,Female
60 to 64 years,2017,5289,Female
60 to 64 years,2018,5423,Female
60 to 64 years,2019,5511,Female
60 to 64 years,2020,5551,Female
60 to 64 years,2021,5593,Female
60 to 64 years,2022,5813,Female
60 to 64 years,2023,5924,Female
60 to 64 years,2024,5997,Female
60 to 64 years,2025,6062,Female
65 to 69 years,2000,2516,Female
65 to 69 years,2001,2593,Female
65 to 69 years,2002,2620,Female
65 to 69 years,2003,2690,Female
65 to 69 years,2004,2733,Female
65 to 69 years,2005,2809,Female
65 to 69 years,2006,2888,Female
65 to 69 years,2007,2957,Female
65 to 69 years,2008,3025,Female
65 to 69 years,2009,3145,Female
65 to 69 years,2010,3300,Female
65 to 69 years,2011,3551,Female
65 to 69 years,2012,3959,Female
65 to 69 years,2013,4278,Female
65 to 69 years,2014,4488,Female
65 to 69 years,2015,4699,Female
65 to 69 years,2016,4838,Female
65 to 69 years,2017,4791,Female
65 to 69 years,2018,4733,Female
65 to 69 years,2019,4807,Female
65 to 69 years,2020,4916,Female
65 to 69 years,2021,5101,Female
65 to 69 years,2022,5174,Female
65 to 69 years,2023,5361,Female
65 to 69 years,2024,5427,Female
65 to 69 years,2025,5513,Female
70 to 74 years,2000,2017,Female
70 to 74 years,2001,2017,Female
70 to 74 years,2002,2101,Female
70 to 74 years,2003,2170,Female
70 to 74 years,2004,2259,Female
70 to 74 years,2005,2262,Female
70 to 74 years,2006,2342,Female
70 to 74 years,2007,2400,Female
70 to 74 years,2008,2420,Female
70 to 74 years,2009,2425,Female
70 to 74 years,2010,2525,Female
70 to 74 years,2011,2593,Female
70 to 74 years,2012,2650,Female
70 to 74 years,2013,2730,Female
70 to 74 years,2014,2906,Female
70 to 74 years,2015,3008,Female
70 to 74 years,2016,3217,Female
70 to 74 years,2017,3629,Female
70 to 74 years,2018,3970,Female
70 to 74 years,2019,4143,Female
70 to 74 years,2020,4350,Female
70 to 74 years,2021,4449,Female
70 to 74 years,2022,4450,Female
70 to 74 years,2023,4430,Female
70 to 74 years,2024,4515,Female
70 to 74 years,2025,4651,Female
75 to 79 years,2000,1528,Female
75 to 79 years,2001,1583,Female
75 to 79 years,2002,1580,Female
75 to 79 years,2003,1554,Female
75 to 79 years,2004,1593,Female
75 to 79 years,2005,1639,Female
75 to 79 years,2006,1672,Female
75 to 79 years,2007,1732,Female
75 to 79 years,2008,1807,Female
75 to 79 years,2009,1863,Female
75 to 79 years,2010,1856,Female
75 to 79 years,2011,1917,Female
75 to 79 years,2012,1966,Female
75 to 79 years,2013,2012,Female
75 to 79 years,2014,2018,Female
75 to 79 years,2015,2098,Female
75 to 79 years,2016,2180,Female
75 to 79 years,2017,2236,Female
75 to 79 years,2018,2305,Female
75 to 79 years,2019,2469,Female
75 to 79 years,2020,2596,Female
75 to 79 years,2021,2769,Female
75 to 79 years,2022,3155,Female
75 to 79 years,2023,3471,Female
75 to 79 years,2024,3652,Female
75 to 79 years,2025,3819,Female
80 to 84 years,2000,950,Female
80 to 84 years,2001,962,Female
80 to 84 years,2002,983,Female
80 to 84 years,2003,1037,Female
80 to 84 years,2004,1039,Female
80 to 84 years,2005,1083,Female
80 to 84 years,2006,1114,Female
80 to 84 years,2007,1115,Female
80 to 84 years,2008,1131,Female
80 to 84 years,2009,1150,Female
80 to 84 years,2010,1185,Female
80 to 84 years,2011,1215,Female
80 to 84 years,2012,1264,Female
80 to 84 years,2013,1338,Female
80 to 84 years,2014,1417,Female
80 to 84 years,2015,1388,Female
80 to 84 years,2016,1432,Female
80 to 84 years,2017,1479,Female
80 to 84 years,2018,1493,Female
80 to 84 years,2019,1498,Female
80 to 84 years,2020,1552,Female
80 to 84 years,2021,1632,Female
80 to 84 years,2022,1684,Female
80 to 84 years,2023,1725,Female
80 to 84 years,2024,1868,Female
80 to 84 years,2025,1979,Female
85 to 89 years,2000,516,Female
85 to 89 years,2001,492,Female
85 to 89 years,2002,498,Female
85 to 89 years,2003,505,Female
85 to 89 years,2004,512,Female
85 to 89 years,2005,528,Female
85 to 89 years,2006,537,Female
85 to 89 years,2007,554,Female
85 to 89 years,2008,584,Female
85 to 89 years,2009,590,Female
85 to 89 years,2010,601,Female
85 to 89 years,2011,635,Female
85 to 89 years,2012,616,Female
85 to 89 years,2013,627,Female
85 to 89 years,2014,660,Female
85 to 89 years,2015,710,Female
85 to 89 years,2016,714,Female
85 to 89 years,2017,748,Female
85 to 89 years,2018,771,Female
85 to 89 years,2019,839,Female
85 to 89 years,2020,846,Female
85 to 89 years,2021,888,Female
85 to 89 years,2022,899,Female
85 to 89 years,2023,934,Female
85 to 89 years,2024,933,Female
85 to 89 years,2025,977,Female
90 to 94 years,2000,175,Female
90 to 94 years,2001,189,Female
90 to 94 years,2002,189,Female
90 to 94 years,2003,181,Female
90 to 94 years,2004,175,Female
90 to 94 years,2005,167,Female
90 to 94 years,2006,178,Female
90 to 94 years,2007,186,Female
90 to 94 years,2008,192,Female
90 to 94 years,2009,194,Female
90 to 94 years,2010,212,Female
90 to 94 years,2011,212,Female
90 to 94 years,2012,232,Female
90 to 94 years,2013,235,Female
90 to 94 years,2014,240,Female
90 to 94 years,2015,251,Female
90 to 94 years,2016,273,Female
90 to 94 years,2017,276,Female
90 to 94 years,2018,299,Female
90 to 94 years,2019,294,Female
90 to 94 years,2020,294,Female
90 to 94 years,2021,316,Female
90 to 94 years,2022,347,Female
90 to 94 years,2023,341,Female
90 to 94 years,2024,380,Female
90 to 94 years,2025,382,Female
95 to 99 years,2000,36,Female
95 to 99 years,2001,39,Female
95 to 99 years,2002,36,Female
95 to 99 years,2003,36,Female
95 to 99 years,2004,36,Female
95 to 99 years,2005,34,Female
95 to 99 years,2006,39,Female
95 to 99 years,2007,36,Female
95 to 99 years,2008,43,Female
95 to 99 years,2009,44,Female
95 to 99 years,2010,35,Female
95 to 99 years,2011,40,Female
95 to 99 years,2012,50,Female
95 to 99 years,2013,53,Female
95 to 99 years,2014,51,Female
95 to 99 years,2015,52,Female
95 to 99 years,2016,60,Female
95 to 99 years,2017,65,Female
95 to 99 years,2018,52,Female
95 to 99 years,2019,58,Female
95 to 99 years,2020,67,Female
95 to 99 years,2021,83,Female
95 to 99 years,2022,74,Female
95 to 99 years,2023,76,Female
95 to 99 years,2024,71,Female
95 to 99 years,2025,79,Female
100 years and older,2000,3,Female
100 years and older,2001,3,Female
100 years and older,2002,6,Female
100 years and older,2003,6,Female
100 years and older,2004,4,Female
100 years and older,2005,4,Female
100 years and older,2006,7,Female
100 years and older,2007,8,Female
100 years and older,2008,3,Female
100 years and older,2009,1,Female
100 years and older,2010,4,Female
100 years and older,2011,1,Female
100 years and older,2012,1,Female
100 years and older,2013,5,Female
100 years and older,2014,2,Female
100 years and older,2015,3,Female
100 years and older,2016,7,Female
100 years and older,2017,9,Female
100 years and older,2018,11,Female
100 years and older,2019,10,Female
100 years and older,2020,10,Female
100 years and older,2021,10,Female
100 years and older,2022,6,Female
100 years and older,2023,8,Female
100 years and older,2024,12,Female
100 years and older,2025,12,Female
,2000,NA,Female
,2001,NA,Female
,2002,NA,Female
,2003,NA,Female
,2004,NA,Female
,2005,NA,Female
,2006,NA,Female
,2007,NA,Female
,2008,NA,Female
,2009,NA,Female
,2010,NA,Female
,2011,NA,Female
,2012,NA,Female
,2013,NA,Female
,2014,NA,Female
,2015,NA,Female
,2016,NA,Female
,2017,NA,Female
,2018,NA,Female
,2019,NA,Female
,2020,NA,Female
,2021,NA,Female
,2022,NA,Female
,2023,NA,Female
,2024,NA,Female
,2025,NA,Female
Median age,2000,36.1,Female
Median age,2001,36.7,Female
Median age,2002,37.2,Female
Median age,2003,37.8,Female
Median age,2004,38.2,Female
Median age,2005,38.7,Female
Median age,2006,39.3,Female
Median age,2007,39.9,Female
Median age,2008,40.3,Female
Median age,2009,40.7,Female
Median age,2010,41,Female
Median age,2011,41.4,Female
Median age,2012,41.9,Female
Median age,2013,42.4,Female
Median age,2014,42.7,Female
Median age,2015,43,Female
Median age,2016,43,Female
Median age,2017,42.9,Female
Median age,2018,42.8,Female
Median age,2019,42.4,Female
Median age,2020,42.1,Female
Median age,2021,41.9,Female
Median age,2022,41.4,Female
Median age,2023,40.5,Female
Median age,2024,39.7,Female
Median age,2025,39.5,Female
All ages,2000,69804,Male
All ages,2001,69957,Male
All ages,2002,70101,Male
All ages,2003,70238,Male
All ages,2004,70386,Male
All ages,2005,70524,Male
All ages,2006,70332,Male
All ages,2007,70414,Male
All ages,2008,71037,Male
All ages,2009,71568,Male
All ages,2010,72449,Male
All ages,2011,73674,Male
All ages,2012,73993,Male
All ages,2013,73924,Male
All ages,2014,73969,Male
All ages,2015,74187,Male
All ages,2016,75290,Male
All ages,2017,76735,Male
All ages,2018,77970,Male
All ages,2019,79771,Male
All ages,2020,81581,Male
All ages,2021,83078,Male
All ages,2022,85588,Male
All ages,2023,88739,Male
All ages,2024,91627,Male
All ages,2025,93088,Male
0 to 4 years,2000,3875,Male
0 to 4 years,2001,3686,Male
0 to 4 years,2002,3636,Male
0 to 4 years,2003,3628,Male
0 to 4 years,2004,3549,Male
0 to 4 years,2005,3441,Male
0 to 4 years,2006,3349,Male
0 to 4 years,2007,3387,Male
0 to 4 years,2008,3458,Male
0 to 4 years,2009,3528,Male
0 to 4 years,2010,3570,Male
0 to 4 years,2011,3635,Male
0 to 4 years,2012,3593,Male
0 to 4 years,2013,3530,Male
0 to 4 years,2014,3526,Male
0 to 4 years,2015,3463,Male
0 to 4 years,2016,3511,Male
0 to 4 years,2017,3520,Male
0 to 4 years,2018,3489,Male
0 to 4 years,2019,3450,Male
0 to 4 years,2020,3472,Male
0 to 4 years,2021,3498,Male
0 to 4 years,2022,3559,Male
0 to 4 years,2023,3551,Male
0 to 4 years,2024,3590,Male
0 to 4 years,2025,3530,Male
5 to 9 years,2000,4513,Male
5 to 9 years,2001,4402,Male
5 to 9 years,2002,4258,Male
5 to 9 years,2003,4114,Male
5 to 9 years,2004,4040,Male
5 to 9 years,2005,3982,Male
5 to 9 years,2006,3810,Male
5 to 9 years,2007,3710,Male
5 to 9 years,2008,3687,Male
5 to 9 years,2009,3657,Male
5 to 9 years,2010,3621,Male
5 to 9 years,2011,3700,Male
5 to 9 years,2012,3779,Male
5 to 9 years,2013,3796,Male
5 to 9 years,2014,3829,Male
5 to 9 years,2015,3870,Male
5 to 9 years,2016,4009,Male
5 to 9 years,2017,4097,Male
5 to 9 years,2018,4064,Male
5 to 9 years,2019,4104,Male
5 to 9 years,2020,4049,Male
5 to 9 years,2021,4008,Male
5 to 9 years,2022,4058,Male
5 to 9 years,2023,4090,Male
5 to 9 years,2024,4114,Male
5 to 9 years,2025,4141,Male
10 to 14 years,2000,4999,Male
10 to 14 years,2001,4970,Male
10 to 14 years,2002,4877,Male
10 to 14 years,2003,4820,Male
10 to 14 years,2004,4716,Male
10 to 14 years,2005,4608,Male
10 to 14 years,2006,4501,Male
10 to 14 years,2007,4330,Male
10 to 14 years,2008,4231,Male
10 to 14 years,2009,4206,Male
10 to 14 years,2010,4168,Male
10 to 14 years,2011,4068,Male
10 to 14 years,2012,3996,Male
10 to 14 years,2013,3977,Male
10 to 14 years,2014,3974,Male
10 to 14 years,2015,3903,Male
10 to 14 years,2016,3924,Male
10 to 14 years,2017,4048,Male
10 to 14 years,2018,4161,Male
10 to 14 years,2019,4272,Male
10 to 14 years,2020,4370,Male
10 to 14 years,2021,4405,Male
10 to 14 years,2022,4498,Male
10 to 14 years,2023,4549,Male
10 to 14 years,2024,4696,Male
10 to 14 years,2025,4710,Male
15 to 19 years,2000,4997,Male
15 to 19 years,2001,5067,Male
15 to 19 years,2002,5029,Male
15 to 19 years,2003,4994,Male
15 to 19 years,2004,4984,Male
15 to 19 years,2005,4989,Male
15 to 19 years,2006,4925,Male
15 to 19 years,2007,4899,Male
15 to 19 years,2008,4887,Male
15 to 19 years,2009,4831,Male
15 to 19 years,2010,4757,Male
15 to 19 years,2011,4716,Male
15 to 19 years,2012,4575,Male
15 to 19 years,2013,4451,Male
15 to 19 years,2014,4384,Male
15 to 19 years,2015,4423,Male
15 to 19 years,2016,4397,Male
15 to 19 years,2017,4394,Male
15 to 19 years,2018,4503,Male
15 to 19 years,2019,4554,Male
15 to 19 years,2020,4578,Male
15 to 19 years,2021,4487,Male
15 to 19 years,2022,4680,Male
15 to 19 years,2023,4874,Male
15 to 19 years,2024,5025,Male
15 to 19 years,2025,5068,Male
20 to 24 years,2000,4493,Male
20 to 24 years,2001,4528,Male
20 to 24 years,2002,4562,Male
20 to 24 years,2003,4610,Male
20 to 24 years,2004,4646,Male
20 to 24 years,2005,4631,Male
20 to 24 years,2006,4608,Male
20 to 24 years,2007,4525,Male
20 to 24 years,2008,4486,Male
20 to 24 years,2009,4489,Male
20 to 24 years,2010,4626,Male
20 to 24 years,2011,4742,Male
20 to 24 years,2012,4762,Male
20 to 24 years,2013,4672,Male
20 to 24 years,2014,4455,Male
20 to 24 years,2015,4388,Male
20 to 24 years,2016,4395,Male
20 to 24 years,2017,4528,Male
20 to 24 years,2018,4689,Male
20 to 24 years,2019,5036,Male
20 to 24 years,2020,5532,Male
20 to 24 years,2021,5903,Male
20 to 24 years,2022,6282,Male
20 to 24 years,2023,7007,Male
20 to 24 years,2024,7290,Male
20 to 24 years,2025,7008,Male
25 to 29 years,2000,4300,Male
25 to 29 years,2001,4144,Male
25 to 29 years,2002,4069,Male
25 to 29 years,2003,4075,Male
25 to 29 years,2004,4064,Male
25 to 29 years,2005,4087,Male
25 to 29 years,2006,4094,Male
25 to 29 years,2007,4081,Male
25 to 29 years,2008,4062,Male
25 to 29 years,2009,4016,Male
25 to 29 years,2010,4009,Male
25 to 29 years,2011,4047,Male
25 to 29 years,2012,4040,Male
25 to 29 years,2013,4030,Male
25 to 29 years,2014,4030,Male
25 to 29 years,2015,4096,Male
25 to 29 years,2016,4159,Male
25 to 29 years,2017,4289,Male
25 to 29 years,2018,4467,Male
25 to 29 years,2019,4669,Male
25 to 29 years,2020,4855,Male
25 to 29 years,2021,5035,Male
25 to 29 years,2022,5324,Male
25 to 29 years,2023,5929,Male
25 to 29 years,2024,6658,Male
25 to 29 years,2025,7343,Male
30 to 34 years,2000,4496,Male
30 to 34 years,2001,4454,Male
30 to 34 years,2002,4477,Male
30 to 34 years,2003,4367,Male
30 to 34 years,2004,4352,Male
30 to 34 years,2005,4247,Male
30 to 34 years,2006,4087,Male
30 to 34 years,2007,4048,Male
30 to 34 years,2008,4168,Male
30 to 34 years,2009,4150,Male
30 to 34 years,2010,4167,Male
30 to 34 years,2011,4220,Male
30 to 34 years,2012,4211,Male
30 to 34 years,2013,4168,Male
30 to 34 years,2014,4096,Male
30 to 34 years,2015,4069,Male
30 to 34 years,2016,4243,Male
30 to 34 years,2017,4372,Male
30 to 34 years,2018,4439,Male
30 to 34 years,2019,4569,Male
30 to 34 years,2020,4880,Male
30 to 34 years,2021,5072,Male
30 to 34 years,2022,5204,Male
30 to 34 years,2023,5468,Male
30 to 34 years,2024,5754,Male
30 to 34 years,2025,5904,Male
35 to 39 years,2000,5597,Male
35 to 39 years,2001,5427,Male
35 to 39 years,2002,5279,Male
35 to 39 years,2003,5050,Male
35 to 39 years,2004,4759,Male
35 to 39 years,2005,4579,Male
35 to 39 years,2006,4512,Male
35 to 39 years,2007,4451,Male
35 to 39 years,2008,4392,Male
35 to 39 years,2009,4467,Male
35 to 39 years,2010,4493,Male
35 to 39 years,2011,4523,Male
35 to 39 years,2012,4451,Male
35 to 39 years,2013,4451,Male
35 to 39 years,2014,4465,Male
35 to 39 years,2015,4467,Male
35 to 39 years,2016,4461,Male
35 to 39 years,2017,4607,Male
35 to 39 years,2018,4701,Male
35 to 39 years,2019,4827,Male
35 to 39 years,2020,4884,Male
35 to 39 years,2021,5024,Male
35 to 39 years,2022,5286,Male
35 to 39 years,2023,5478,Male
35 to 39 years,2024,5811,Male
35 to 39 years,2025,6035,Male
40 to 44 years,2000,5556,Male
40 to 44 years,2001,5601,Male
40 to 44 years,2002,5588,Male
40 to 44 years,2003,5683,Male
40 to 44 years,2004,5788,Male
40 to 44 years,2005,5722,Male
40 to 44 years,2006,5528,Male
40 to 44 years,2007,5303,Male
40 to 44 years,2008,5117,Male
40 to 44 years,2009,4875,Male
40 to 44 years,2010,4815,Male
40 to 44 years,2011,4995,Male
40 to 44 years,2012,4976,Male
40 to 44 years,2013,4805,Male
40 to 44 years,2014,4742,Male
40 to 44 years,2015,4687,Male
40 to 44 years,2016,4720,Male
40 to 44 years,2017,4762,Male
40 to 44 years,2018,4800,Male
40 to 44 years,2019,4963,Male
40 to 44 years,2020,5022,Male
40 to 44 years,2021,5034,Male
40 to 44 years,2022,5209,Male
40 to 44 years,2023,5525,Male
40 to 44 years,2024,5746,Male
40 to 44 years,2025,5817,Male
45 to 49 years,2000,5026,Male
45 to 49 years,2001,5193,Male
45 to 49 years,2002,5370,Male
45 to 49 years,2003,5429,Male
45 to 49 years,2004,5484,Male
45 to 49 years,2005,5622,Male
45 to 49 years,2006,5658,Male
45 to 49 years,2007,5643,Male
45 to 49 years,2008,5766,Male
45 to 49 years,2009,5898,Male
45 to 49 years,2010,5852,Male
45 to 49 years,2011,5810,Male
45 to 49 years,2012,5726,Male
45 to 49 years,2013,5445,Male
45 to 49 years,2014,5143,Male
45 to 49 years,2015,4996,Male
45 to 49 years,2016,5008,Male
45 to 49 years,2017,5121,Male
45 to 49 years,2018,5079,Male
45 to 49 years,2019,5130,Male
45 to 49 years,2020,5131,Male
45 to 49 years,2021,5127,Male
45 to 49 years,2022,5141,Male
45 to 49 years,2023,5267,Male
45 to 49 years,2024,5395,Male
45 to 49 years,2025,5448,Male
50 to 54 years,2000,4927,Male
50 to 54 years,2001,5076,Male
50 to 54 years,2002,5028,Male
50 to 54 years,2003,4996,Male
50 to 54 years,2004,4996,Male
50 to 54 years,2005,5008,Male
50 to 54 years,2006,5183,Male
50 to 54 years,2007,5431,Male
50 to 54 years,2008,5521,Male
50 to 54 years,2009,5587,Male
50 to 54 years,2010,5759,Male
50 to 54 years,2011,5841,Male
50 to 54 years,2012,5847,Male
50 to 54 years,2013,5978,Male
50 to 54 years,2014,6105,Male
50 to 54 years,2015,6026,Male
50 to 54 years,2016,5856,Male
50 to 54 years,2017,5698,Male
50 to 54 years,2018,5525,Male
50 to 54 years,2019,5329,Male
50 to 54 years,2020,5245,Male
50 to 54 years,2021,5324,Male
50 to 54 years,2022,5413,Male
50 to 54 years,2023,5445,Male
50 to 54 years,2024,5431,Male
50 to 54 years,2025,5376,Male
55 to 59 years,2000,3496,Male
55 to 59 years,2001,3665,Male
55 to 59 years,2002,4017,Male
55 to 59 years,2003,4386,Male
55 to 59 years,2004,4648,Male
55 to 59 years,2005,4924,Male
55 to 59 years,2006,5042,Male
55 to 59 years,2007,5020,Male
55 to 59 years,2008,5077,Male
55 to 59 years,2009,5156,Male
55 to 59 years,2010,5236,Male
55 to 59 years,2011,5428,Male
55 to 59 years,2012,5648,Male
55 to 59 years,2013,5742,Male
55 to 59 years,2014,5741,Male
55 to 59 years,2015,5878,Male
55 to 59 years,2016,5955,Male
55 to 59 years,2017,5991,Male
55 to 59 years,2018,6093,Male
55 to 59 years,2019,6262,Male
55 to 59 years,2020,6248,Male
55 to 59 years,2021,6079,Male
55 to 59 years,2022,6003,Male
55 to 59 years,2023,5814,Male
55 to 59 years,2024,5610,Male
55 to 59 years,2025,5524,Male
60 to 64 years,2000,2965,Male
60 to 64 years,2001,3014,Male
60 to 64 years,2002,3086,Male
60 to 64 years,2003,3206,Male
60 to 64 years,2004,3430,Male
60 to 64 years,2005,3574,Male
60 to 64 years,2006,3735,Male
60 to 64 years,2007,4084,Male
60 to 64 years,2008,4446,Male
60 to 64 years,2009,4716,Male
60 to 64 years,2010,5041,Male
60 to 64 years,2011,5229,Male
60 to 64 years,2012,5189,Male
60 to 64 years,2013,5182,Male
60 to 64 years,2014,5273,Male
60 to 64 years,2015,5336,Male
60 to 64 years,2016,5528,Male
60 to 64 years,2017,5744,Male
60 to 64 years,2018,5850,Male
60 to 64 years,2019,5849,Male
60 to 64 years,2020,5953,Male
60 to 64 years,2021,6037,Male
60 to 64 years,2022,6197,Male
60 to 64 years,2023,6359,Male
60 to 64 years,2024,6516,Male
60 to 64 years,2025,6491,Male
65 to 69 years,2000,2669,Male
65 to 69 years,2001,2775,Male
65 to 69 years,2002,2819,Male
65 to 69 years,2003,2809,Male
65 to 69 years,2004,2845,Male
65 to 69 years,2005,2900,Male
65 to 69 years,2006,2927,Male
65 to 69 years,2007,3025,Male
65 to 69 years,2008,3179,Male
65 to 69 years,2009,3383,Male
65 to 69 years,2010,3526,Male
65 to 69 years,2011,3716,Male
65 to 69 years,2012,4037,Male
65 to 69 years,2013,4385,Male
65 to 69 years,2014,4640,Male
65 to 69 years,2015,4927,Male
65 to 69 years,2016,5110,Male
65 to 69 years,2017,5046,Male
65 to 69 years,2018,5070,Male
65 to 69 years,2019,5188,Male
65 to 69 years,2020,5295,Male
65 to 69 years,2021,5529,Male
65 to 69 years,2022,5749,Male
65 to 69 years,2023,5874,Male
65 to 69 years,2024,5891,Male
65 to 69 years,2025,6022,Male
70 to 74 years,2000,2369,Male
70 to 74 years,2001,2364,Male
70 to 74 years,2002,2347,Male
70 to 74 years,2003,2425,Male
70 to 74 years,2004,2442,Male
70 to 74 years,2005,2510,Male
70 to 74 years,2006,2608,Male
70 to 74 years,2007,2653,Male
70 to 74 years,2008,2639,Male
70 to 74 years,2009,2677,Male
70 to 74 years,2010,2758,Male
70 to 74 years,2011,2804,Male
70 to 74 years,2012,2888,Male
70 to 74 years,2013,3010,Male
70 to 74 years,2014,3201,Male
70 to 74 years,2015,3311,Male
70 to 74 years,2016,3494,Male
70 to 74 years,2017,3802,Male
70 to 74 years,2018,4192,Male
70 to 74 years,2019,4400,Male
70 to 74 years,2020,4662,Male
70 to 74 years,2021,4803,Male
70 to 74 years,2022,4864,Male
70 to 74 years,2023,4938,Male
70 to 74 years,2024,5085,Male
70 to 74 years,2025,5194,Male
75 to 79 years,2000,2144,Male
75 to 79 years,2001,2152,Male
75 to 79 years,2002,2161,Male
75 to 79 years,2003,2079,Male
75 to 79 years,2004,2094,Male
75 to 79 years,2005,2076,Male
75 to 79 years,2006,2071,Male
75 to 79 years,2007,2082,Male
75 to 79 years,2008,2176,Male
75 to 79 years,2009,2198,Male
75 to 79 years,2010,2284,Male
75 to 79 years,2011,2377,Male
75 to 79 years,2012,2406,Male
75 to 79 years,2013,2387,Male
75 to 79 years,2014,2451,Male
75 to 79 years,2015,2475,Male
75 to 79 years,2016,2506,Male
75 to 79 years,2017,2596,Male
75 to 79 years,2018,2684,Male
75 to 79 years,2019,2867,Male
75 to 79 years,2020,2994,Male
75 to 79 years,2021,3186,Male
75 to 79 years,2022,3514,Male
75 to 79 years,2023,3844,Male
75 to 79 years,2024,4061,Male
75 to 79 years,2025,4310,Male
80 to 84 years,2000,1692,Male
80 to 84 years,2001,1727,Male
80 to 84 years,2002,1783,Male
80 to 84 years,2003,1826,Male
80 to 84 years,2004,1789,Male
80 to 84 years,2005,1778,Male
80 to 84 years,2006,1776,Male
80 to 84 years,2007,1768,Male
80 to 84 years,2008,1738,Male
80 to 84 years,2009,1749,Male
80 to 84 years,2010,1729,Male
80 to 84 years,2011,1723,Male
80 to 84 years,2012,1724,Male
80 to 84 years,2013,1766,Male
80 to 84 years,2014,1812,Male
80 to 84 years,2015,1844,Male
80 to 84 years,2016,1937,Male
80 to 84 years,2017,1985,Male
80 to 84 years,2018,1976,Male
80 to 84 years,2019,2060,Male
80 to 84 years,2020,2115,Male
80 to 84 years,2021,2173,Male
80 to 84 years,2022,2257,Male
80 to 84 years,2023,2314,Male
80 to 84 years,2024,2464,Male
80 to 84 years,2025,2576,Male
85 to 89 years,2000,1113,Male
85 to 89 years,2001,1111,Male
85 to 89 years,2002,1086,Male
85 to 89 years,2003,1078,Male
85 to 89 years,2004,1076,Male
85 to 89 years,2005,1111,Male
85 to 89 years,2006,1159,Male
85 to 89 years,2007,1218,Male
85 to 89 years,2008,1266,Male
85 to 89 years,2009,1228,Male
85 to 89 years,2010,1234,Male
85 to 89 years,2011,1258,Male
85 to 89 years,2012,1261,Male
85 to 89 years,2013,1235,Male
85 to 89 years,2014,1211,Male
85 to 89 years,2015,1169,Male
85 to 89 years,2016,1188,Male
85 to 89 years,2017,1225,Male
85 to 89 years,2018,1290,Male
85 to 89 years,2019,1326,Male
85 to 89 years,2020,1360,Male
85 to 89 years,2021,1407,Male
85 to 89 years,2022,1404,Male
85 to 89 years,2023,1444,Male
85 to 89 years,2024,1509,Male
85 to 89 years,2025,1574,Male
90 to 94 years,2000,434,Male
90 to 94 years,2001,454,Male
90 to 94 years,2002,481,Male
90 to 94 years,2003,503,Male
90 to 94 years,2004,519,Male
90 to 94 years,2005,559,Male
90 to 94 years,2006,589,Male
90 to 94 years,2007,561,Male
90 to 94 years,2008,549,Male
90 to 94 years,2009,543,Male
90 to 94 years,2010,581,Male
90 to 94 years,2011,633,Male
90 to 94 years,2012,667,Male
90 to 94 years,2013,678,Male
90 to 94 years,2014,646,Male
90 to 94 years,2015,644,Male
90 to 94 years,2016,655,Male
90 to 94 years,2017,666,Male
90 to 94 years,2018,663,Male
90 to 94 years,2019,661,Male
90 to 94 years,2020,658,Male
90 to 94 years,2021,672,Male
90 to 94 years,2022,673,Male
90 to 94 years,2023,705,Male
90 to 94 years,2024,724,Male
90 to 94 years,2025,753,Male
95 to 99 years,2000,114,Male
95 to 99 years,2001,118,Male
95 to 99 years,2002,124,Male
95 to 99 years,2003,140,Male
95 to 99 years,2004,148,Male
95 to 99 years,2005,153,Male
95 to 99 years,2006,136,Male
95 to 99 years,2007,160,Male
95 to 99 years,2008,158,Male
95 to 99 years,2009,187,Male
95 to 99 years,2010,207,Male
95 to 99 years,2011,183,Male
95 to 99 years,2012,185,Male
95 to 99 years,2013,195,Male
95 to 99 years,2014,208,Male
95 to 99 years,2015,185,Male
95 to 99 years,2016,206,Male
95 to 99 years,2017,210,Male
95 to 99 years,2018,207,Male
95 to 99 years,2019,219,Male
95 to 99 years,2020,242,Male
95 to 99 years,2021,236,Male
95 to 99 years,2022,225,Male
95 to 99 years,2023,213,Male
95 to 99 years,2024,206,Male
95 to 99 years,2025,212,Male
100 years and older,2000,29,Male
100 years and older,2001,29,Male
100 years and older,2002,24,Male
100 years and older,2003,20,Male
100 years and older,2004,17,Male
100 years and older,2005,23,Male
100 years and older,2006,34,Male
100 years and older,2007,35,Male
100 years and older,2008,34,Male
100 years and older,2009,27,Male
100 years and older,2010,16,Male
100 years and older,2011,26,Male
100 years and older,2012,32,Male
100 years and older,2013,41,Male
100 years and older,2014,37,Male
100 years and older,2015,30,Male
100 years and older,2016,28,Male
100 years and older,2017,34,Male
100 years and older,2018,28,Male
100 years and older,2019,36,Male
100 years and older,2020,36,Male
100 years and older,2021,39,Male
100 years and older,2022,48,Male
100 years and older,2023,51,Male
100 years and older,2024,51,Male
100 years and older,2025,52,Male
,2000,NA,Male
,2001,NA,Male
,2002,NA,Male
,2003,NA,Male
,2004,NA,Male
,2005,NA,Male
,2006,NA,Male
,2007,NA,Male
,2008,NA,Male
,2009,NA,Male
,2010,NA,Male
,2011,NA,Male
,2012,NA,Male
,2013,NA,Male
,2014,NA,Male
,2015,NA,Male
,2016,NA,Male
,2017,NA,Male
,2018,NA,Male
,2019,NA,Male
,2020,NA,Male
,2021,NA,Male
,2022,NA,Male
,2023,NA,Male
,2024,NA,Male
,2025,NA,Male
Median age,2000,37.9,Male
Median age,2001,38.5,Male
Median age,2002,39,Male
Median age,2003,39.5,Male
Median age,2004,40.1,Male
Median age,2005,40.6,Male
Median age,2006,41.3,Male
Median age,2007,41.9,Male
Median age,2008,42.3,Male
Median age,2009,42.6,Male
Median age,2010,43,Male
Median age,2011,43.2,Male
Median age,2012,43.6,Male
Median age,2013,44.1,Male
Median age,2014,44.5,Male
Median age,2015,44.7,Male
Median age,2016,44.8,Male
Median age,2017,44.7,Male
Median age,2018,44.7,Male
Median age,2019,44.4,Male
Median age,2020,44.2,Male
Median age,2021,44.1,Male
Median age,2022,43.7,Male
Median age,2023,43.1,Male
Median age,2024,42.5,Male
Median age,2025,42.4,Male
